1.200000000000000000e+01;1.156000000000000050e+01;0.000000000000000000e+00
1.200000000000000000e+01;1.156000000000000050e+01;0.000000000000000000e+00
1.258342495478668965e+01;1.743861798739238012e+01;4.704300043656753361e-03
1.089901936901500257e+01;1.761318708583128512e+01;4.899400087786402215e-03
1.200000000000000000e+01;1.156000000000000050e+01;0.000000000000000000e+00
1.200000000000000000e+01;1.156000000000000050e+01;0.000000000000000000e+00
1.200000000000000000e+01;1.156000000000000050e+01;0.000000000000000000e+00
-1.539161869464542676e+01;1.986338557593382603e+01;2.279286127796282743e-02
-1.788712053488874076e+01;1.197419752298957540e+01;2.380220538381724177e-02
-2.193532623682836302e+00;7.537594016087392212e+00;1.174780980009246766e-02
-9.433907818985005633e-01;3.491094015146725127e+00;1.214597315545909960e-02
4.992897221886357428e+00;3.633030864572177165e+00;8.425136599557925612e-03
9.762270723630265934e+00;6.541277698664883289e+00;4.375815275479282528e-03
1.082461020903344995e+01;3.760572095468008413e+00;6.281026930908614400e-03
1.272393987440777430e+01;6.873081711221082912e+00;3.776579425652501053e-03
1.366110342782388898e+01;8.097872611911496321e+00;3.057894569215731211e-03
1.200000000000000000e+01;1.156000000000000050e+01;0.000000000000000000e+00
1.317753138192080087e+01;1.099169109588171089e+01;1.041197174283741951e-03
1.200000000000000000e+01;1.156000000000000050e+01;0.000000000000000000e+00
1.628498272386644885e+01;1.157167958252913387e+01;3.412259955492033536e-03
1.622573423479524379e+01;1.278603340085090601e+01;3.503837527226359022e-03
1.200000000000000000e+01;1.156000000000000050e+01;0.000000000000000000e+00
1.200000000000000000e+01;1.156000000000000050e+01;0.000000000000000000e+00
1.583517603334743562e+01;1.908672809334265352e+01;6.726969888919242212e-03
1.303573825918183893e+01;1.739122888124798294e+01;4.716244944317752111e-03
1.138312250166229767e+01;1.754076880324936383e+01;4.787914348283746346e-03
1.122023497598287989e+01;1.302828846097301074e+01;1.323893156594050475e-03
1.200000000000000000e+01;1.156000000000000050e+01;0.000000000000000000e+00
1.200000000000000000e+01;1.156000000000000050e+01;0.000000000000000000e+00
-1.045402377692640528e+01;2.029298370499822468e+01;1.918550127834114938e-02
-1.912817071550262327e+01;1.440036522045587475e+01;2.489118216074497764e-02
1.200000000000000000e+01;1.156000000000000050e+01;0.000000000000000000e+00
1.200000000000000000e+01;1.156000000000000050e+01;0.000000000000000000e+00
3.762976941618504156e+00;3.606769964420343477e+00;9.117940837895865264e-03
9.006404311627829173e+00;6.144880719083384513e+00;4.927271522662066833e-03
1.015283131492834734e+01;3.737638902939955265e+00;6.400475937518603636e-03
1.239362084875665637e+01;3.812495194202023541e+00;6.177504458513291032e-03
1.334889247546203173e+01;8.101223250980162049e+00;2.956362913597240100e-03
1.456105291559731540e+01;8.124563882126100367e+00;3.412259955492033536e-03
1.313064686696977645e+01;1.084547723773055239e+01;1.065086975605739669e-03
1.200000000000000000e+01;1.156000000000000050e+01;0.000000000000000000e+00
1.200000000000000000e+01;1.156000000000000050e+01;0.000000000000000000e+00
1.624748274732004205e+01;1.241406946914685783e+01;3.450085474251862912e-03
1.616074476877403754e+01;1.371889909107908068e+01;3.732781456562171869e-03
1.200000000000000000e+01;1.156000000000000050e+01;0.000000000000000000e+00
1.200000000000000000e+01;1.156000000000000050e+01;0.000000000000000000e+00
1.350549644230731161e+01;1.730087825382517508e+01;4.726199028201917736e-03
1.185752874543993940e+01;1.749328784104284296e+01;4.726199028201917736e-03
1.132012198781435508e+01;1.318338040035171943e+01;1.401535010890543435e-03
1.200000000000000000e+01;1.156000000000000050e+01;0.000000000000000000e+00
9.275103029906130558e+00;1.372456203947353792e+01;2.771216953351756437e-03
-6.340633859921453563e+00;2.048058915338650365e+01;1.624108326540490629e-02
1.200000000000000000e+01;1.156000000000000050e+01;0.000000000000000000e+00
-1.500916048940831971e+01;8.654486843145523522e+00;2.163221509706909906e-02
-1.483471531898963747e+00;5.921375611188749666e+00;1.163831487736664318e-02
2.141444020407812232e+00;3.581618068236276820e+00;1.009941350887461238e-02
8.418910906397714555e+00;6.180438617352089992e+00;5.146261368113714922e-03
1.200000000000000000e+01;1.156000000000000050e+01;0.000000000000000000e+00
1.176060275542502431e+01;3.773681840734768755e+00;6.203385076612121657e-03
1.200000000000000000e+01;1.156000000000000050e+01;0.000000000000000000e+00
1.200000000000000000e+01;1.156000000000000050e+01;0.000000000000000000e+00
1.315520374366873213e+01;1.074285372121612703e+01;1.126802295687567628e-03
1.324639552822172739e+01;1.111784241709470855e+01;1.053142074944740702e-03
1.200000000000000000e+01;1.156000000000000050e+01;0.000000000000000000e+00
1.626168135905332690e+01;1.211368450614807912e+01;3.422214039376199595e-03
1.619382028100167759e+01;1.337569771900150428e+01;3.639213068051013692e-03
1.200000000000000000e+01;1.156000000000000050e+01;0.000000000000000000e+00
1.200000000000000000e+01;1.156000000000000050e+01;0.000000000000000000e+00
1.390862769069043559e+01;1.721140184157752273e+01;4.750088829523916104e-03
1.226263044538001701e+01;1.743413000573530169e+01;4.682401059111588118e-03
1.200000000000000000e+01;1.156000000000000050e+01;0.000000000000000000e+00
1.200000000000000000e+01;1.156000000000000050e+01;0.000000000000000000e+00
1.200000000000000000e+01;1.156000000000000050e+01;0.000000000000000000e+00
1.200000000000000000e+01;1.156000000000000050e+01;0.000000000000000000e+00
-1.513112419608670933e+01;1.813939297117197214e+01;2.223145094689588097e-02
-1.710542558248553746e+01;1.030452410642147143e+01;2.319898790043679535e-02
-1.930727047894537307e+00;6.735478019216520451e+00;1.173984653298513516e-02
6.538535701511616338e-01;3.508758188918559284e+00;1.107889536307652550e-02
1.200000000000000000e+01;1.156000000000000050e+01;0.000000000000000000e+00
1.009943916026173305e+01;6.556290718184957456e+00;4.262338719199791799e-03
1.126857046096794690e+01;3.776795112213111594e+00;6.225284061157286032e-03
1.298597522575072638e+01;6.882795881596831755e+00;3.806441677304998796e-03
1.387815984782942458e+01;8.099304693502663355e+00;3.135536423512224388e-03
1.528681887821599616e+01;8.169009913123783662e+00;3.760652891437836053e-03
1.200000000000000000e+01;1.156000000000000050e+01;0.000000000000000000e+00
1.353263478093388983e+01;1.132863642300605100e+01;1.234306401636558114e-03
1.627882270046443480e+01;1.178997750862257732e+01;3.412259955492033536e-03
1.621371158697389703e+01;1.300625277046728456e+01;3.547635496316688206e-03
1.200000000000000000e+01;1.156000000000000050e+01;0.000000000000000000e+00
1.200000000000000000e+01;1.156000000000000050e+01;0.000000000000000000e+00
1.200000000000000000e+01;1.156000000000000050e+01;0.000000000000000000e+00
1.276997378459764221e+01;1.743727609871217865e+01;4.720226577871418361e-03
1.112365782860516106e+01;1.754871918013167686e+01;4.819767416713076347e-03
1.117164143161424938e+01;1.298121263933072989e+01;1.309957439156218166e-03
1.200000000000000000e+01;1.156000000000000050e+01;0.000000000000000000e+00
1.200000000000000000e+01;1.156000000000000050e+01;0.000000000000000000e+00
-1.285963829038106709e+01;2.028106466800044672e+01;2.097922719426782365e-02
-1.854455463151974826e+01;1.335905389839321167e+01;2.436560653166102569e-02
1.200000000000000000e+01;1.156000000000000050e+01;0.000000000000000000e+00
1.200000000000000000e+01;1.156000000000000050e+01;0.000000000000000000e+00
4.250491232953755194e+00;3.640944752127860617e+00;8.823299954924557556e-03
9.223538295785093766e+00;6.139729076317298251e+00;4.849629668365574089e-03
1.037838924177786382e+01;3.746502820966181702e+00;6.354687151651441761e-03
1.260233381336594860e+01;3.800846578437002243e+00;6.197412626281621414e-03
1.343932898691124223e+01;8.094515995131084551e+00;2.988215982026570534e-03
1.468654928530194326e+01;8.148292622521310591e+00;3.458048741359196279e-03
1.313373738024472637e+01;1.088395381243819138e+01;1.051151258167907577e-03
1.200000000000000000e+01;1.156000000000000050e+01;0.000000000000000000e+00
1.200000000000000000e+01;1.156000000000000050e+01;0.000000000000000000e+00
1.200000000000000000e+01;1.156000000000000050e+01;0.000000000000000000e+00
1.258342495478668965e+01;1.743861798739238012e+01;4.704300043656753361e-03
1.089901936901500257e+01;1.761318708583128512e+01;4.899400087786402215e-03
1.200000000000000000e+01;1.156000000000000050e+01;0.000000000000000000e+00
1.200000000000000000e+01;1.156000000000000050e+01;0.000000000000000000e+00
1.200000000000000000e+01;1.156000000000000050e+01;0.000000000000000000e+00
-1.539161869464542676e+01;1.986338557593382603e+01;2.279286127796282743e-02
-1.788712053488874076e+01;1.197419752298957540e+01;2.380220538381724177e-02
-2.193532623682836302e+00;7.537594016087392212e+00;1.174780980009246766e-02
-9.433907818985005633e-01;3.491094015146725127e+00;1.214597315545909960e-02
4.992897221886357428e+00;3.633030864572177165e+00;8.425136599557925612e-03
9.762270723630265934e+00;6.541277698664883289e+00;4.375815275479282528e-03
1.082461020903344995e+01;3.760572095468008413e+00;6.281026930908614400e-03
1.272393987440777430e+01;6.873081711221082912e+00;3.776579425652501053e-03
1.366110342782388898e+01;8.097872611911496321e+00;3.057894569215731211e-03
1.200000000000000000e+01;1.156000000000000050e+01;0.000000000000000000e+00
1.317753138192080087e+01;1.099169109588171089e+01;1.041197174283741951e-03
1.200000000000000000e+01;1.156000000000000050e+01;0.000000000000000000e+00
1.628498272386644885e+01;1.157167958252913387e+01;3.412259955492033536e-03
1.622573423479524379e+01;1.278603340085090601e+01;3.503837527226359022e-03
1.200000000000000000e+01;1.156000000000000050e+01;0.000000000000000000e+00
1.200000000000000000e+01;1.156000000000000050e+01;0.000000000000000000e+00
1.583517603334743562e+01;1.908672809334265352e+01;6.726969888919242212e-03
1.303573825918183893e+01;1.739122888124798294e+01;4.716244944317752111e-03
1.138312250166229767e+01;1.754076880324936383e+01;4.787914348283746346e-03
1.122023497598287989e+01;1.302828846097301074e+01;1.323893156594050475e-03
1.200000000000000000e+01;1.156000000000000050e+01;0.000000000000000000e+00
1.200000000000000000e+01;1.156000000000000050e+01;0.000000000000000000e+00
-1.045402377692640528e+01;2.029298370499822468e+01;1.918550127834114938e-02
-1.912817071550262327e+01;1.440036522045587475e+01;2.489118216074497764e-02
1.200000000000000000e+01;1.156000000000000050e+01;0.000000000000000000e+00
1.200000000000000000e+01;1.156000000000000050e+01;0.000000000000000000e+00
3.762976941618504156e+00;3.606769964420343477e+00;9.117940837895865264e-03
9.006404311627829173e+00;6.144880719083384513e+00;4.927271522662066833e-03
1.015283131492834734e+01;3.737638902939955265e+00;6.400475937518603636e-03
1.239362084875665637e+01;3.812495194202023541e+00;6.177504458513291032e-03
1.334889247546203173e+01;8.101223250980162049e+00;2.956362913597240100e-03
1.456105291559731540e+01;8.124563882126100367e+00;3.412259955492033536e-03
1.313064686696977645e+01;1.084547723773055239e+01;1.065086975605739669e-03
1.200000000000000000e+01;1.156000000000000050e+01;0.000000000000000000e+00
1.200000000000000000e+01;1.156000000000000050e+01;0.000000000000000000e+00
1.624748274732004205e+01;1.241406946914685783e+01;3.450085474251862912e-03
1.616074476877403754e+01;1.371889909107908068e+01;3.732781456562171869e-03
1.200000000000000000e+01;1.156000000000000050e+01;0.000000000000000000e+00
1.200000000000000000e+01;1.156000000000000050e+01;0.000000000000000000e+00
1.350549644230731161e+01;1.730087825382517508e+01;4.726199028201917736e-03
1.185752874543993940e+01;1.749328784104284296e+01;4.726199028201917736e-03
1.132012198781435508e+01;1.318338040035171943e+01;1.401535010890543435e-03
1.200000000000000000e+01;1.156000000000000050e+01;0.000000000000000000e+00
9.275103029906130558e+00;1.372456203947353792e+01;2.771216953351756437e-03
-6.340633859921453563e+00;2.048058915338650365e+01;1.624108326540490629e-02
1.200000000000000000e+01;1.156000000000000050e+01;0.000000000000000000e+00
-1.500916048940831971e+01;8.654486843145523522e+00;2.163221509706909906e-02
-1.483471531898963747e+00;5.921375611188749666e+00;1.163831487736664318e-02
2.141444020407812232e+00;3.581618068236276820e+00;1.009941350887461238e-02
8.418910906397714555e+00;6.180438617352089992e+00;5.146261368113714922e-03
1.200000000000000000e+01;1.156000000000000050e+01;0.000000000000000000e+00
1.176060275542502431e+01;3.773681840734768755e+00;6.203385076612121657e-03
1.200000000000000000e+01;1.156000000000000050e+01;0.000000000000000000e+00
1.200000000000000000e+01;1.156000000000000050e+01;0.000000000000000000e+00
1.315520374366873213e+01;1.074285372121612703e+01;1.126802295687567628e-03
1.324639552822172739e+01;1.111784241709470855e+01;1.053142074944740702e-03
1.200000000000000000e+01;1.156000000000000050e+01;0.000000000000000000e+00
1.626168135905332690e+01;1.211368450614807912e+01;3.422214039376199595e-03
1.619382028100167759e+01;1.337569771900150428e+01;3.639213068051013692e-03
1.200000000000000000e+01;1.156000000000000050e+01;0.000000000000000000e+00
1.200000000000000000e+01;1.156000000000000050e+01;0.000000000000000000e+00
1.390862769069043559e+01;1.721140184157752273e+01;4.750088829523916104e-03
1.226263044538001701e+01;1.743413000573530169e+01;4.682401059111588118e-03
1.200000000000000000e+01;1.156000000000000050e+01;0.000000000000000000e+00
1.200000000000000000e+01;1.156000000000000050e+01;0.000000000000000000e+00
1.200000000000000000e+01;1.156000000000000050e+01;0.000000000000000000e+00
1.200000000000000000e+01;1.156000000000000050e+01;0.000000000000000000e+00
-1.513112419608670933e+01;1.813939297117197214e+01;2.223145094689588097e-02
-1.710542558248553746e+01;1.030452410642147143e+01;2.319898790043679535e-02
-1.930727047894537307e+00;6.735478019216520451e+00;1.173984653298513516e-02
6.538535701511616338e-01;3.508758188918559284e+00;1.107889536307652550e-02
1.200000000000000000e+01;1.156000000000000050e+01;0.000000000000000000e+00
1.009943916026173305e+01;6.556290718184957456e+00;4.262338719199791799e-03
1.126857046096794690e+01;3.776795112213111594e+00;6.225284061157286032e-03
1.298597522575072638e+01;6.882795881596831755e+00;3.806441677304998796e-03
1.387815984782942458e+01;8.099304693502663355e+00;3.135536423512224388e-03
1.528681887821599616e+01;8.169009913123783662e+00;3.760652891437836053e-03
1.200000000000000000e+01;1.156000000000000050e+01;0.000000000000000000e+00
1.353263478093388983e+01;1.132863642300605100e+01;1.234306401636558114e-03
1.627882270046443480e+01;1.178997750862257732e+01;3.412259955492033536e-03
1.621371158697389703e+01;1.300625277046728456e+01;3.547635496316688206e-03
1.200000000000000000e+01;1.156000000000000050e+01;0.000000000000000000e+00
1.200000000000000000e+01;1.156000000000000050e+01;0.000000000000000000e+00
1.200000000000000000e+01;1.156000000000000050e+01;0.000000000000000000e+00
1.276997378459764221e+01;1.743727609871217865e+01;4.720226577871418361e-03
1.112365782860516106e+01;1.754871918013167686e+01;4.819767416713076347e-03
1.117164143161424938e+01;1.298121263933072989e+01;1.309957439156218166e-03
1.200000000000000000e+01;1.156000000000000050e+01;0.000000000000000000e+00
1.200000000000000000e+01;1.156000000000000050e+01;0.000000000000000000e+00
-1.285963829038106709e+01;2.028106466800044672e+01;2.097922719426782365e-02
-1.854455463151974826e+01;1.335905389839321167e+01;2.436560653166102569e-02
1.200000000000000000e+01;1.156000000000000050e+01;0.000000000000000000e+00
1.200000000000000000e+01;1.156000000000000050e+01;0.000000000000000000e+00
4.250491232953755194e+00;3.640944752127860617e+00;8.823299954924557556e-03
9.223538295785093766e+00;6.139729076317298251e+00;4.849629668365574089e-03
1.037838924177786382e+01;3.746502820966181702e+00;6.354687151651441761e-03
1.260233381336594860e+01;3.800846578437002243e+00;6.197412626281621414e-03
1.343932898691124223e+01;8.094515995131084551e+00;2.988215982026570534e-03
1.468654928530194326e+01;8.148292622521310591e+00;3.458048741359196279e-03
1.313373738024472637e+01;1.088395381243819138e+01;1.051151258167907577e-03
1.200000000000000000e+01;1.156000000000000050e+01;0.000000000000000000e+00
1.200000000000000000e+01;1.156000000000000050e+01;0.000000000000000000e+00
1.249339027145964032e+01;1.343103946128355553e+01;1.540892185268864572e-03
1.200000000000000000e+01;1.156000000000000050e+01;0.000000000000000000e+00
6.579178560425626543e+00;3.995467769245490075e+01;2.301981439052180889e-02
-1.788471258082592996e+00;3.852683397993094161e+01;2.411874525133371472e-02
1.574041081554035770e+00;2.239978031088486432e+01;1.197675372942827964e-02
-9.801132995406600656e-01;1.898755288808067831e+01;1.190906595901595338e-02
1.200000000000000000e+01;1.156000000000000050e+01;0.000000000000000000e+00
1.200000000000000000e+01;1.156000000000000050e+01;0.000000000000000000e+00
4.624450005983395506e+00;8.901650266011298385e+00;6.243201412148784157e-03
1.200000000000000000e+01;1.156000000000000050e+01;0.000000000000000000e+00
9.761124312196209019e+00;8.461785572482821038e+00;3.043958851777898902e-03
1.200000000000000000e+01;1.156000000000000050e+01;0.000000000000000000e+00
1.200000000000000000e+01;1.156000000000000050e+01;0.000000000000000000e+00
1.200000000000000000e+01;1.156000000000000050e+01;0.000000000000000000e+00
1.388998594866211178e+01;8.177165597918227391e+00;3.085766004091395395e-03
1.486217550017433986e+01;8.730058987752835620e+00;3.205215010701385064e-03
1.596614598984265676e+01;9.381629507425477854e+00;3.603378366068017008e-03
1.200000000000000000e+01;1.156000000000000050e+01;0.000000000000000000e+00
1.200000000000000000e+01;1.156000000000000050e+01;0.000000000000000000e+00
1.765049266596072286e+01;1.352525219399297107e+01;4.764024546961747979e-03
1.702987996078032040e+01;1.512475924550062167e+01;4.909354171670568708e-03
1.318370224122195111e+01;1.333381012804526300e+01;1.698166710638684051e-03
1.200000000000000000e+01;1.156000000000000050e+01;0.000000000000000000e+00
1.200000000000000000e+01;1.156000000000000050e+01;0.000000000000000000e+00
8.002881418262870028e+00;3.782508426980298566e+01;2.115640988740597264e-02
-1.085346768775544035e+00;3.975663654036592476e+01;2.475381580314349114e-02
1.950770450613061868e+00;2.282709133593048989e+01;1.202254251529544411e-02
-1.574793490355670400e+00;2.006206594011196387e+01;1.275516308917004453e-02
1.551546690955435182e+00;1.441881186635852785e+01;8.626209094018075577e-03
6.499673357705546550e+00;1.133325650935139350e+01;4.383778542586615028e-03
4.498129824746233574e+00;9.148298422828958110e+00;6.275054480578115025e-03
8.173477420636064750e+00;8.852534900324554812e+00;3.732781456562171869e-03
9.725272634279470196e+00;8.566138539197618584e+00;2.994188432357069909e-03
1.200000000000000000e+01;1.156000000000000050e+01;0.000000000000000000e+00
1.200000000000000000e+01;1.156000000000000050e+01;0.000000000000000000e+00
1.236695326755298296e+01;1.039911645310647614e+01;9.695277703177481495e-04
1.377802790162197866e+01;8.108563563933550711e+00;3.091738454421894770e-03
1.475112428090336714e+01;8.670120228190846490e+00;3.177343575825720880e-03
1.584119107085481559e+01;9.313282705878966894e+00;3.543653862763021956e-03
1.200000000000000000e+01;1.156000000000000050e+01;0.000000000000000000e+00
1.200000000000000000e+01;1.156000000000000050e+01;0.000000000000000000e+00
1.766416257491491137e+01;1.337383465172185559e+01;4.736153112086083361e-03
1.708748184010542559e+01;1.497522487797745683e+01;4.879491920018071832e-03
1.200000000000000000e+01;1.156000000000000050e+01;0.000000000000000000e+00
1.200000000000000000e+01;1.156000000000000050e+01;0.000000000000000000e+00
1.200000000000000000e+01;1.156000000000000050e+01;0.000000000000000000e+00
1.200000000000000000e+01;1.156000000000000050e+01;0.000000000000000000e+00
-2.979476719379583471e-01;4.052486511938775493e+01;2.505841076999896361e-02
1.879305889397230089e+00;2.377759453037491255e+01;1.263372326578322304e-02
1.200000000000000000e+01;1.156000000000000050e+01;0.000000000000000000e+00
1.289275011544111393e+00;1.491870738828276544e+01;8.938767327980880542e-03
6.370002065776848355e+00;1.155822222319264725e+01;4.483319381428272146e-03
4.334220820374867778e+00;9.443860657938646597e+00;6.332788167106276518e-03
8.080652386668612408e+00;8.997870683996328722e+00;3.728799823008505619e-03
1.200000000000000000e+01;1.156000000000000050e+01;0.000000000000000000e+00
1.200000000000000000e+01;1.156000000000000050e+01;0.000000000000000000e+00
1.200000000000000000e+01;1.156000000000000050e+01;0.000000000000000000e+00
1.200000000000000000e+01;1.156000000000000050e+01;0.000000000000000000e+00
1.200000000000000000e+01;1.156000000000000050e+01;0.000000000000000000e+00
1.459789033443864703e+01;8.577889859335257938e+00;3.149472140950056696e-03
1.564199322601941944e+01;9.181266441531157341e+00;3.464021191689695221e-03
1.200000000000000000e+01;1.156000000000000050e+01;0.000000000000000000e+00
1.200000000000000000e+01;1.156000000000000050e+01;0.000000000000000000e+00
1.772635252396101890e+01;1.311029697257719917e+01;4.724208211425084611e-03
1.718117342741752296e+01;1.471752669340714448e+01;4.831712317374075097e-03
1.200000000000000000e+01;1.156000000000000050e+01;0.000000000000000000e+00
1.262143316476807442e+01;1.320396627489811614e+01;1.399544194113710310e-03
1.200000000000000000e+01;1.156000000000000050e+01;0.000000000000000000e+00
1.020941111622682484e+01;3.385069044645253200e+01;1.780785606877260258e-02
5.770101521013781820e-01;4.192495417000327507e+01;2.583482931296389798e-02
1.200000000000000000e+01;1.156000000000000050e+01;0.000000000000000000e+00
1.200000000000000000e+01;1.156000000000000050e+01;0.000000000000000000e+00
9.386859816064134776e-01;1.554573089586515700e+01;9.362811301446343978e-03
1.200000000000000000e+01;1.156000000000000050e+01;0.000000000000000000e+00
4.151858567401697897e+00;9.735187370245050431e+00;6.416402471733268637e-03
1.200000000000000000e+01;1.156000000000000050e+01;0.000000000000000000e+00
1.200000000000000000e+01;1.156000000000000050e+01;0.000000000000000000e+00
1.166631021291257930e+01;1.051183476555997487e+01;8.759593818065897555e-04
1.200000000000000000e+01;1.156000000000000050e+01;0.000000000000000000e+00
1.200000000000000000e+01;1.156000000000000050e+01;0.000000000000000000e+00
1.200000000000000000e+01;1.156000000000000050e+01;0.000000000000000000e+00
1.442768254432878550e+01;8.482217077250194137e+00;3.121600706074392079e-03
1.544810367144189023e+01;9.058366620997732710e+00;3.392351787723701852e-03
1.200000000000000000e+01;1.156000000000000050e+01;0.000000000000000000e+00
1.200000000000000000e+01;1.156000000000000050e+01;0.000000000000000000e+00
1.200000000000000000e+01;1.156000000000000050e+01;0.000000000000000000e+00
1.731979031663772517e+01;1.438317449630117473e+01;4.795877615391078846e-03
1.670364867371842621e+01;1.611111931174269785e+01;5.211958321749208915e-03
1.273404502697694696e+01;1.319530795596885575e+01;1.427415628989374494e-03
1.200000000000000000e+01;1.156000000000000050e+01;0.000000000000000000e+00
1.200000000000000000e+01;1.156000000000000050e+01;0.000000000000000000e+00
1.200000000000000000e+01;1.156000000000000050e+01;0.000000000000000000e+00
-3.109306950698647043e+00;3.470173211638232402e+01;2.200847946789056403e-02
5.060897267686232937e-01;2.127170115351473711e+01;1.198272617975877988e-02
2.522780160701660890e-01;1.674851904210884612e+01;1.022682578259193412e-02
5.508357575459634781e+00;1.231151616771907698e+01;5.203995054641876415e-03
3.839181150611096882e+00;1.026775440969143638e+01;6.579649447433587491e-03
4.992129544465098157e+00;8.244736840602698180e+00;6.173522824959624782e-03
9.415207474598370041e+00;9.104788289933466672e+00;2.838904723764083989e-03
9.974436182233390014e+00;8.107886544261852180e+00;3.187297659709886939e-03
1.200000000000000000e+01;1.156000000000000050e+01;0.000000000000000000e+00
1.200000000000000000e+01;1.156000000000000050e+01;0.000000000000000000e+00
1.200000000000000000e+01;1.156000000000000050e+01;0.000000000000000000e+00
1.418468442745643010e+01;8.338400925894315918e+00;3.099701721529227703e-03
1.518103479948820578e+01;8.918176432491927486e+00;3.292810948882043866e-03
1.200000000000000000e+01;1.156000000000000050e+01;0.000000000000000000e+00
1.200000000000000000e+01;1.156000000000000050e+01;0.000000000000000000e+00
1.200000000000000000e+01;1.156000000000000050e+01;0.000000000000000000e+00
1.200000000000000000e+01;1.156000000000000050e+01;0.000000000000000000e+00
1.258342495478668965e+01;1.743861798739238012e+01;4.704300043656753361e-03
1.089901936901500257e+01;1.761318708583128512e+01;4.899400087786402215e-03
1.200000000000000000e+01;1.156000000000000050e+01;0.000000000000000000e+00
1.200000000000000000e+01;1.156000000000000050e+01;0.000000000000000000e+00
1.200000000000000000e+01;1.156000000000000050e+01;0.000000000000000000e+00
-1.539161869464542676e+01;1.986338557593382603e+01;2.279286127796282743e-02
-1.788712053488874076e+01;1.197419752298957540e+01;2.380220538381724177e-02
-2.193532623682836302e+00;7.537594016087392212e+00;1.174780980009246766e-02
-9.433907818985005633e-01;3.491094015146725127e+00;1.214597315545909960e-02
4.992897221886357428e+00;3.633030864572177165e+00;8.425136599557925612e-03
9.762270723630265934e+00;6.541277698664883289e+00;4.375815275479282528e-03
1.082461020903344995e+01;3.760572095468008413e+00;6.281026930908614400e-03
1.272393987440777430e+01;6.873081711221082912e+00;3.776579425652501053e-03
1.366110342782388898e+01;8.097872611911496321e+00;3.057894569215731211e-03
1.200000000000000000e+01;1.156000000000000050e+01;0.000000000000000000e+00
1.317753138192080087e+01;1.099169109588171089e+01;1.041197174283741951e-03
1.200000000000000000e+01;1.156000000000000050e+01;0.000000000000000000e+00
1.628498272386644885e+01;1.157167958252913387e+01;3.412259955492033536e-03
1.622573423479524379e+01;1.278603340085090601e+01;3.503837527226359022e-03
1.200000000000000000e+01;1.156000000000000050e+01;0.000000000000000000e+00
1.200000000000000000e+01;1.156000000000000050e+01;0.000000000000000000e+00
1.583517603334743562e+01;1.908672809334265352e+01;6.726969888919242212e-03
1.303573825918183893e+01;1.739122888124798294e+01;4.716244944317752111e-03
1.138312250166229767e+01;1.754076880324936383e+01;4.787914348283746346e-03
1.122023497598287989e+01;1.302828846097301074e+01;1.323893156594050475e-03
1.200000000000000000e+01;1.156000000000000050e+01;0.000000000000000000e+00
1.200000000000000000e+01;1.156000000000000050e+01;0.000000000000000000e+00
-1.045402377692640528e+01;2.029298370499822468e+01;1.918550127834114938e-02
-1.912817071550262327e+01;1.440036522045587475e+01;2.489118216074497764e-02
1.200000000000000000e+01;1.156000000000000050e+01;0.000000000000000000e+00
1.200000000000000000e+01;1.156000000000000050e+01;0.000000000000000000e+00
3.762976941618504156e+00;3.606769964420343477e+00;9.117940837895865264e-03
9.006404311627829173e+00;6.144880719083384513e+00;4.927271522662066833e-03
1.015283131492834734e+01;3.737638902939955265e+00;6.400475937518603636e-03
1.239362084875665637e+01;3.812495194202023541e+00;6.177504458513291032e-03
1.334889247546203173e+01;8.101223250980162049e+00;2.956362913597240100e-03
1.456105291559731540e+01;8.124563882126100367e+00;3.412259955492033536e-03
1.313064686696977645e+01;1.084547723773055239e+01;1.065086975605739669e-03
1.200000000000000000e+01;1.156000000000000050e+01;0.000000000000000000e+00
1.200000000000000000e+01;1.156000000000000050e+01;0.000000000000000000e+00
1.624748274732004205e+01;1.241406946914685783e+01;3.450085474251862912e-03
1.616074476877403754e+01;1.371889909107908068e+01;3.732781456562171869e-03
1.200000000000000000e+01;1.156000000000000050e+01;0.000000000000000000e+00
1.200000000000000000e+01;1.156000000000000050e+01;0.000000000000000000e+00
1.350549644230731161e+01;1.730087825382517508e+01;4.726199028201917736e-03
1.185752874543993940e+01;1.749328784104284296e+01;4.726199028201917736e-03
1.132012198781435508e+01;1.318338040035171943e+01;1.401535010890543435e-03
1.200000000000000000e+01;1.156000000000000050e+01;0.000000000000000000e+00
9.275103029906130558e+00;1.372456203947353792e+01;2.771216953351756437e-03
-6.340633859921453563e+00;2.048058915338650365e+01;1.624108326540490629e-02
1.200000000000000000e+01;1.156000000000000050e+01;0.000000000000000000e+00
-1.500916048940831971e+01;8.654486843145523522e+00;2.163221509706909906e-02
-1.483471531898963747e+00;5.921375611188749666e+00;1.163831487736664318e-02
2.141444020407812232e+00;3.581618068236276820e+00;1.009941350887461238e-02
8.418910906397714555e+00;6.180438617352089992e+00;5.146261368113714922e-03
1.200000000000000000e+01;1.156000000000000050e+01;0.000000000000000000e+00
1.176060275542502431e+01;3.773681840734768755e+00;6.203385076612121657e-03
1.200000000000000000e+01;1.156000000000000050e+01;0.000000000000000000e+00
1.200000000000000000e+01;1.156000000000000050e+01;0.000000000000000000e+00
1.315520374366873213e+01;1.074285372121612703e+01;1.126802295687567628e-03
1.324639552822172739e+01;1.111784241709470855e+01;1.053142074944740702e-03
1.200000000000000000e+01;1.156000000000000050e+01;0.000000000000000000e+00
1.626168135905332690e+01;1.211368450614807912e+01;3.422214039376199595e-03
1.619382028100167759e+01;1.337569771900150428e+01;3.639213068051013692e-03
1.200000000000000000e+01;1.156000000000000050e+01;0.000000000000000000e+00
1.200000000000000000e+01;1.156000000000000050e+01;0.000000000000000000e+00
1.390862769069043559e+01;1.721140184157752273e+01;4.750088829523916104e-03
1.226263044538001701e+01;1.743413000573530169e+01;4.682401059111588118e-03
1.200000000000000000e+01;1.156000000000000050e+01;0.000000000000000000e+00
1.200000000000000000e+01;1.156000000000000050e+01;0.000000000000000000e+00
1.200000000000000000e+01;1.156000000000000050e+01;0.000000000000000000e+00
1.200000000000000000e+01;1.156000000000000050e+01;0.000000000000000000e+00
-1.513112419608670933e+01;1.813939297117197214e+01;2.223145094689588097e-02
-1.710542558248553746e+01;1.030452410642147143e+01;2.319898790043679535e-02
-1.930727047894537307e+00;6.735478019216520451e+00;1.173984653298513516e-02
6.538535701511616338e-01;3.508758188918559284e+00;1.107889536307652550e-02
1.200000000000000000e+01;1.156000000000000050e+01;0.000000000000000000e+00
1.009943916026173305e+01;6.556290718184957456e+00;4.262338719199791799e-03
1.126857046096794690e+01;3.776795112213111594e+00;6.225284061157286032e-03
1.298597522575072638e+01;6.882795881596831755e+00;3.806441677304998796e-03
1.387815984782942458e+01;8.099304693502663355e+00;3.135536423512224388e-03
1.528681887821599616e+01;8.169009913123783662e+00;3.760652891437836053e-03
1.200000000000000000e+01;1.156000000000000050e+01;0.000000000000000000e+00
1.353263478093388983e+01;1.132863642300605100e+01;1.234306401636558114e-03
1.627882270046443480e+01;1.178997750862257732e+01;3.412259955492033536e-03
1.621371158697389703e+01;1.300625277046728456e+01;3.547635496316688206e-03
1.200000000000000000e+01;1.156000000000000050e+01;0.000000000000000000e+00
1.200000000000000000e+01;1.156000000000000050e+01;0.000000000000000000e+00
1.200000000000000000e+01;1.156000000000000050e+01;0.000000000000000000e+00
1.276997378459764221e+01;1.743727609871217865e+01;4.720226577871418361e-03
1.112365782860516106e+01;1.754871918013167686e+01;4.819767416713076347e-03
1.117164143161424938e+01;1.298121263933072989e+01;1.309957439156218166e-03
1.200000000000000000e+01;1.156000000000000050e+01;0.000000000000000000e+00
1.200000000000000000e+01;1.156000000000000050e+01;0.000000000000000000e+00
-1.285963829038106709e+01;2.028106466800044672e+01;2.097922719426782365e-02
-1.854455463151974826e+01;1.335905389839321167e+01;2.436560653166102569e-02
1.200000000000000000e+01;1.156000000000000050e+01;0.000000000000000000e+00
1.200000000000000000e+01;1.156000000000000050e+01;0.000000000000000000e+00
4.250491232953755194e+00;3.640944752127860617e+00;8.823299954924557556e-03
9.223538295785093766e+00;6.139729076317298251e+00;4.849629668365574089e-03
1.037838924177786382e+01;3.746502820966181702e+00;6.354687151651441761e-03
1.260233381336594860e+01;3.800846578437002243e+00;6.197412626281621414e-03
1.343932898691124223e+01;8.094515995131084551e+00;2.988215982026570534e-03
1.468654928530194326e+01;8.148292622521310591e+00;3.458048741359196279e-03
1.313373738024472637e+01;1.088395381243819138e+01;1.051151258167907577e-03
1.200000000000000000e+01;1.156000000000000050e+01;0.000000000000000000e+00
1.200000000000000000e+01;1.156000000000000050e+01;0.000000000000000000e+00
1.249339027145964032e+01;1.343103946128355553e+01;1.540892185268864572e-03
1.200000000000000000e+01;1.156000000000000050e+01;0.000000000000000000e+00
6.579178560425626543e+00;3.995467769245490075e+01;2.301981439052180889e-02
-1.788471258082592996e+00;3.852683397993094161e+01;2.411874525133371472e-02
1.574041081554035770e+00;2.239978031088486432e+01;1.197675372942827964e-02
-9.801132995406600656e-01;1.898755288808067831e+01;1.190906595901595338e-02
1.200000000000000000e+01;1.156000000000000050e+01;0.000000000000000000e+00
1.200000000000000000e+01;1.156000000000000050e+01;0.000000000000000000e+00
4.624450005983395506e+00;8.901650266011298385e+00;6.243201412148784157e-03
1.200000000000000000e+01;1.156000000000000050e+01;0.000000000000000000e+00
9.761124312196209019e+00;8.461785572482821038e+00;3.043958851777898902e-03
1.200000000000000000e+01;1.156000000000000050e+01;0.000000000000000000e+00
1.200000000000000000e+01;1.156000000000000050e+01;0.000000000000000000e+00
1.200000000000000000e+01;1.156000000000000050e+01;0.000000000000000000e+00
1.388998594866211178e+01;8.177165597918227391e+00;3.085766004091395395e-03
1.486217550017433986e+01;8.730058987752835620e+00;3.205215010701385064e-03
1.596614598984265676e+01;9.381629507425477854e+00;3.603378366068017008e-03
1.200000000000000000e+01;1.156000000000000050e+01;0.000000000000000000e+00
1.200000000000000000e+01;1.156000000000000050e+01;0.000000000000000000e+00
1.765049266596072286e+01;1.352525219399297107e+01;4.764024546961747979e-03
1.702987996078032040e+01;1.512475924550062167e+01;4.909354171670568708e-03
1.318370224122195111e+01;1.333381012804526300e+01;1.698166710638684051e-03
1.200000000000000000e+01;1.156000000000000050e+01;0.000000000000000000e+00
1.200000000000000000e+01;1.156000000000000050e+01;0.000000000000000000e+00
8.002881418262870028e+00;3.782508426980298566e+01;2.115640988740597264e-02
-1.085346768775544035e+00;3.975663654036592476e+01;2.475381580314349114e-02
1.950770450613061868e+00;2.282709133593048989e+01;1.202254251529544411e-02
-1.574793490355670400e+00;2.006206594011196387e+01;1.275516308917004453e-02
1.551546690955435182e+00;1.441881186635852785e+01;8.626209094018075577e-03
6.499673357705546550e+00;1.133325650935139350e+01;4.383778542586615028e-03
4.498129824746233574e+00;9.148298422828958110e+00;6.275054480578115025e-03
8.173477420636064750e+00;8.852534900324554812e+00;3.732781456562171869e-03
9.725272634279470196e+00;8.566138539197618584e+00;2.994188432357069909e-03
1.200000000000000000e+01;1.156000000000000050e+01;0.000000000000000000e+00
1.200000000000000000e+01;1.156000000000000050e+01;0.000000000000000000e+00
1.236695326755298296e+01;1.039911645310647614e+01;9.695277703177481495e-04
1.377802790162197866e+01;8.108563563933550711e+00;3.091738454421894770e-03
1.475112428090336714e+01;8.670120228190846490e+00;3.177343575825720880e-03
1.584119107085481559e+01;9.313282705878966894e+00;3.543653862763021956e-03
1.200000000000000000e+01;1.156000000000000050e+01;0.000000000000000000e+00
1.200000000000000000e+01;1.156000000000000050e+01;0.000000000000000000e+00
1.766416257491491137e+01;1.337383465172185559e+01;4.736153112086083361e-03
1.708748184010542559e+01;1.497522487797745683e+01;4.879491920018071832e-03
1.200000000000000000e+01;1.156000000000000050e+01;0.000000000000000000e+00
1.200000000000000000e+01;1.156000000000000050e+01;0.000000000000000000e+00
1.200000000000000000e+01;1.156000000000000050e+01;0.000000000000000000e+00
1.200000000000000000e+01;1.156000000000000050e+01;0.000000000000000000e+00
-2.979476719379583471e-01;4.052486511938775493e+01;2.505841076999896361e-02
1.879305889397230089e+00;2.377759453037491255e+01;1.263372326578322304e-02
1.200000000000000000e+01;1.156000000000000050e+01;0.000000000000000000e+00
1.289275011544111393e+00;1.491870738828276544e+01;8.938767327980880542e-03
6.370002065776848355e+00;1.155822222319264725e+01;4.483319381428272146e-03
4.334220820374867778e+00;9.443860657938646597e+00;6.332788167106276518e-03
8.080652386668612408e+00;8.997870683996328722e+00;3.728799823008505619e-03
1.200000000000000000e+01;1.156000000000000050e+01;0.000000000000000000e+00
1.200000000000000000e+01;1.156000000000000050e+01;0.000000000000000000e+00
1.200000000000000000e+01;1.156000000000000050e+01;0.000000000000000000e+00
1.200000000000000000e+01;1.156000000000000050e+01;0.000000000000000000e+00
1.200000000000000000e+01;1.156000000000000050e+01;0.000000000000000000e+00
1.459789033443864703e+01;8.577889859335257938e+00;3.149472140950056696e-03
1.564199322601941944e+01;9.181266441531157341e+00;3.464021191689695221e-03
1.200000000000000000e+01;1.156000000000000050e+01;0.000000000000000000e+00
1.200000000000000000e+01;1.156000000000000050e+01;0.000000000000000000e+00
1.772635252396101890e+01;1.311029697257719917e+01;4.724208211425084611e-03
1.718117342741752296e+01;1.471752669340714448e+01;4.831712317374075097e-03
1.200000000000000000e+01;1.156000000000000050e+01;0.000000000000000000e+00
1.262143316476807442e+01;1.320396627489811614e+01;1.399544194113710310e-03
1.200000000000000000e+01;1.156000000000000050e+01;0.000000000000000000e+00
1.020941111622682484e+01;3.385069044645253200e+01;1.780785606877260258e-02
5.770101521013781820e-01;4.192495417000327507e+01;2.583482931296389798e-02
1.200000000000000000e+01;1.156000000000000050e+01;0.000000000000000000e+00
1.200000000000000000e+01;1.156000000000000050e+01;0.000000000000000000e+00
9.386859816064134776e-01;1.554573089586515700e+01;9.362811301446343978e-03
1.200000000000000000e+01;1.156000000000000050e+01;0.000000000000000000e+00
4.151858567401697897e+00;9.735187370245050431e+00;6.416402471733268637e-03
1.200000000000000000e+01;1.156000000000000050e+01;0.000000000000000000e+00
1.200000000000000000e+01;1.156000000000000050e+01;0.000000000000000000e+00
1.166631021291257930e+01;1.051183476555997487e+01;8.759593818065897555e-04
1.200000000000000000e+01;1.156000000000000050e+01;0.000000000000000000e+00
1.200000000000000000e+01;1.156000000000000050e+01;0.000000000000000000e+00
1.200000000000000000e+01;1.156000000000000050e+01;0.000000000000000000e+00
1.442768254432878550e+01;8.482217077250194137e+00;3.121600706074392079e-03
1.544810367144189023e+01;9.058366620997732710e+00;3.392351787723701852e-03
1.200000000000000000e+01;1.156000000000000050e+01;0.000000000000000000e+00
1.200000000000000000e+01;1.156000000000000050e+01;0.000000000000000000e+00
1.200000000000000000e+01;1.156000000000000050e+01;0.000000000000000000e+00
1.731979031663772517e+01;1.438317449630117473e+01;4.795877615391078846e-03
1.670364867371842621e+01;1.611111931174269785e+01;5.211958321749208915e-03
1.273404502697694696e+01;1.319530795596885575e+01;1.427415628989374494e-03
1.200000000000000000e+01;1.156000000000000050e+01;0.000000000000000000e+00
1.200000000000000000e+01;1.156000000000000050e+01;0.000000000000000000e+00
1.200000000000000000e+01;1.156000000000000050e+01;0.000000000000000000e+00
-3.109306950698647043e+00;3.470173211638232402e+01;2.200847946789056403e-02
5.060897267686232937e-01;2.127170115351473711e+01;1.198272617975877988e-02
2.522780160701660890e-01;1.674851904210884612e+01;1.022682578259193412e-02
5.508357575459634781e+00;1.231151616771907698e+01;5.203995054641876415e-03
3.839181150611096882e+00;1.026775440969143638e+01;6.579649447433587491e-03
4.992129544465098157e+00;8.244736840602698180e+00;6.173522824959624782e-03
9.415207474598370041e+00;9.104788289933466672e+00;2.838904723764083989e-03
9.974436182233390014e+00;8.107886544261852180e+00;3.187297659709886939e-03
1.200000000000000000e+01;1.156000000000000050e+01;0.000000000000000000e+00
1.200000000000000000e+01;1.156000000000000050e+01;0.000000000000000000e+00
1.200000000000000000e+01;1.156000000000000050e+01;0.000000000000000000e+00
1.418468442745643010e+01;8.338400925894315918e+00;3.099701721529227703e-03
1.518103479948820578e+01;8.918176432491927486e+00;3.292810948882043866e-03
1.200000000000000000e+01;1.156000000000000050e+01;0.000000000000000000e+00
1.200000000000000000e+01;1.156000000000000050e+01;0.000000000000000000e+00
1.200000000000000000e+01;1.156000000000000050e+01;0.000000000000000000e+00
1.200000000000000000e+01;1.156000000000000050e+01;0.000000000000000000e+00
1.200000000000000000e+01;1.156000000000000050e+01;0.000000000000000000e+00
1.200000000000000000e+01;1.156000000000000050e+01;0.000000000000000000e+00
-3.489377751444118658e+00;3.700646761561635145e+01;2.372257271274391330e-02
7.823575944163518869e-01;2.158578577082273853e+01;1.198073536298194762e-02
-6.215492613100117580e-01;1.754225933740904964e+01;1.112269333216685599e-02
5.341777018911602504e+00;1.246908640817514424e+01;5.351315496127529402e-03
1.200000000000000000e+01;1.156000000000000050e+01;0.000000000000000000e+00
4.931839058404595022e+00;8.344990253775508293e+00;6.183476908843789539e-03
9.430168162865632198e+00;9.136260602757388938e+00;2.813024105665252930e-03
1.200000000000000000e+01;1.156000000000000050e+01;0.000000000000000000e+00
1.200000000000000000e+01;1.156000000000000050e+01;0.000000000000000000e+00
1.200000000000000000e+01;1.156000000000000050e+01;0.000000000000000000e+00
1.200000000000000000e+01;1.156000000000000050e+01;0.000000000000000000e+00
1.420462189936382202e+01;8.358080427717993643e+00;3.095720087975561453e-03
1.514277971212153062e+01;8.954288703242122338e+00;3.251003796568547374e-03
1.200000000000000000e+01;1.156000000000000050e+01;0.000000000000000000e+00
1.200000000000000000e+01;1.156000000000000050e+01;0.000000000000000000e+00
1.200000000000000000e+01;1.156000000000000050e+01;0.000000000000000000e+00
1.746623348997271563e+01;1.406408161987123151e+01;4.787914348283746346e-03
1.675128962215019612e+01;1.570086077858234752e+01;5.018849094396392319e-03
1.200000000000000000e+01;1.156000000000000050e+01;0.000000000000000000e+00
1.233797825117908253e+01;1.332034795259759719e+01;1.427415628989374494e-03
1.200000000000000000e+01;1.156000000000000050e+01;0.000000000000000000e+00
4.838126951716407831e+00;3.954819653299968252e+01;2.300587867308397788e-02
-3.229605625840990868e+00;3.728488232717133144e+01;2.380618701737090628e-02
8.398587082998218989e-01;2.179456922370587790e+01;1.205837721727844036e-02
-8.076255211345824137e-01;1.784130754460072410e+01;1.135960052861000220e-02
5.304248471901453321e+00;1.257668020448619117e+01;5.393122648441025895e-03
1.200000000000000000e+01;1.156000000000000050e+01;0.000000000000000000e+00
4.848903185365832869e+00;8.426498453382986753e+00;6.217320794049953532e-03
9.400107917399557422e+00;9.187037020594297942e+00;2.803070021781086871e-03
1.200000000000000000e+01;1.156000000000000050e+01;0.000000000000000000e+00
1.200000000000000000e+01;1.156000000000000050e+01;0.000000000000000000e+00
1.200000000000000000e+01;1.156000000000000050e+01;0.000000000000000000e+00
1.200000000000000000e+01;1.156000000000000050e+01;0.000000000000000000e+00
1.413811930174995979e+01;8.322279149626423234e+00;3.089747637645061645e-03
1.509628160302712097e+01;8.922276361471265460e+00;3.239058895907548623e-03
1.619236951570866978e+01;9.642677813451768998e+00;3.671066136480344126e-03
1.200000000000000000e+01;1.156000000000000050e+01;0.000000000000000000e+00
1.200000000000000000e+01;1.156000000000000050e+01;0.000000000000000000e+00
1.749292130665230616e+01;1.399883017323081980e+01;4.785923531506912354e-03
1.679433343033930370e+01;1.560457640045439476e+01;4.994959293074393951e-03
1.200000000000000000e+01;1.156000000000000050e+01;0.000000000000000000e+00
1.200000000000000000e+01;1.156000000000000050e+01;0.000000000000000000e+00
1.203568066168049988e+01;1.642236754543755950e+01;3.872138630940492789e-03
5.292611839029287779e+00;3.978136542982311852e+01;2.309944706159513736e-02
-2.870009426188106616e+00;3.770744052282282865e+01;2.395350745885655927e-02
1.067146594659975634e+00;2.198274420352781888e+01;1.202851496562594262e-02
-1.119405820717107147e+00;1.833938853212466924e+01;1.175975470075346641e-02
5.252750249173224084e+00;1.275638926482463376e+01;5.456828785299686763e-03
1.200000000000000000e+01;1.156000000000000050e+01;0.000000000000000000e+00
4.761619392602074896e+00;8.613810519829581125e+00;6.223293244380453774e-03
1.200000000000000000e+01;1.156000000000000050e+01;0.000000000000000000e+00
9.921888024234792880e+00;8.393519655927434542e+00;3.016087416902235151e-03
1.200000000000000000e+01;1.156000000000000050e+01;0.000000000000000000e+00
1.200000000000000000e+01;1.156000000000000050e+01;0.000000000000000000e+00
1.200000000000000000e+01;1.156000000000000050e+01;0.000000000000000000e+00
1.399972771463407639e+01;8.246696577442769183e+00;3.081784370537729145e-03
1.495179525739063742e+01;8.838397616104177956e+00;3.197251743594052131e-03
1.602187811721612576e+01;9.524799819143201063e+00;3.589442648630184699e-03
1.200000000000000000e+01;1.156000000000000050e+01;0.000000000000000000e+00
1.200000000000000000e+01;1.156000000000000050e+01;0.000000000000000000e+00
1.758670874491755853e+01;1.369985255415689451e+01;4.764024546961747979e-03
1.690375608309004107e+01;1.526741265068181619e+01;4.895418454232735965e-03
1.432228817328018877e+01;1.485972609707659231e+01;3.213178277808717564e-03
1.245507543521434535e+01;1.325756020203718322e+01;1.399544194113710310e-03
1.200000000000000000e+01;1.156000000000000050e+01;0.000000000000000000e+00
7.391984893527395073e+00;3.729317060994626587e+01;2.081797103534433618e-02
-1.787620953197844642e+00;3.947575037011803545e+01;2.479363213868015711e-02
1.653984701199780361e+00;2.262032761650913670e+01;1.206036803405527262e-02
-2.054052866859136017e+00;1.991010088552723900e+01;1.301795090371202224e-02
1.345711500246263626e+00;1.421451692635358377e+01;8.743667283851232555e-03
6.465721026266728622e+00;1.121538174295130119e+01;4.415631611015945028e-03
4.551360595664397657e+00;8.996264849316286671e+00;6.273063663801281900e-03
8.236084993769463125e+00;8.749406453664725802e+00;3.740744723669504369e-03
9.800190626080361511e+00;8.538454681752112307e+00;2.976271081365571784e-03
1.200000000000000000e+01;1.156000000000000050e+01;0.000000000000000000e+00
1.200000000000000000e+01;1.156000000000000050e+01;0.000000000000000000e+00
1.239749394903233259e+01;1.044100316521827843e+01;9.456379689957502156e-04
1.386981247072795931e+01;8.114685561531540969e+00;3.121600706074392079e-03
1.479246523486949627e+01;8.738116246638155005e+00;3.161417041611055447e-03
1.584651046161565269e+01;9.397940525343983609e+00;3.513791611110524214e-03
1.200000000000000000e+01;1.156000000000000050e+01;0.000000000000000000e+00
1.200000000000000000e+01;1.156000000000000050e+01;0.000000000000000000e+00
1.760954412089130372e+01;1.345973649825638674e+01;4.716244944317752111e-03
1.703601040017417745e+01;1.505944733508357913e+01;4.883473553571738082e-03
1.200000000000000000e+01;1.156000000000000050e+01;0.000000000000000000e+00
1.252218322584811183e+01;1.324598567703460184e+01;1.405516644444209685e-03
1.200000000000000000e+01;1.156000000000000050e+01;0.000000000000000000e+00
8.673772537297363527e+00;3.509611591939528807e+01;1.892868591412966844e-02
-9.494019451529656095e-01;4.051088213548087680e+01;2.525550163090544559e-02
1.200000000000000000e+01;1.156000000000000050e+01;0.000000000000000000e+00
1.200000000000000000e+01;1.156000000000000050e+01;0.000000000000000000e+00
1.020159851382295813e+00;1.478084360577083523e+01;9.111968387565366756e-03
6.331355136051980637e+00;1.143612498373969544e+01;4.515172449857603014e-03
4.335242841760565291e+00;9.285910694098918228e+00;6.366632052312440511e-03
8.132068938527964974e+00;8.938673673676790443e+00;3.720836555901173119e-03
1.200000000000000000e+01;1.156000000000000050e+01;0.000000000000000000e+00
1.200000000000000000e+01;1.156000000000000050e+01;0.000000000000000000e+00
1.200000000000000000e+01;1.156000000000000050e+01;0.000000000000000000e+00
1.232764624080361138e+01;1.049422696951309320e+01;8.879042824675886141e-04
1.200000000000000000e+01;1.156000000000000050e+01;0.000000000000000000e+00
1.461268941877598415e+01;8.630926898872095521e+00;3.125582339628058329e-03
1.563810314143606028e+01;9.267797171475837814e+00;3.424204856153032286e-03
1.200000000000000000e+01;1.156000000000000050e+01;0.000000000000000000e+00
1.200000000000000000e+01;1.156000000000000050e+01;0.000000000000000000e+00
1.419357695684597864e+01;1.745510772126897692e+01;5.008895010512226693e-03
1.200000000000000000e+01;1.156000000000000050e+01;0.000000000000000000e+00
1.200000000000000000e+01;1.156000000000000050e+01;0.000000000000000000e+00
1.200000000000000000e+01;1.156000000000000050e+01;0.000000000000000000e+00
-6.934882484435458849e+00;3.201350798531241537e+01;2.219561624491288299e-02
1.200000000000000000e+01;1.156000000000000050e+01;0.000000000000000000e+00
-2.543329835571904951e+00;1.526357539688285314e+01;1.195087311132944988e-02
-1.810618935410731822e+00;1.105099753863658663e+01;1.100523514233369901e-02
5.548437560420127923e+00;9.280281015548894175e+00;5.448865518192354263e-03
7.011692626801825590e+00;7.958608352820329301e+00;4.899400087786402215e-03
7.048045757423065716e+00;5.311891076233870024e+00;6.348714701320942386e-03
1.072110198091537292e+01;8.013549543012537413e+00;3.002151699464402843e-03
1.168651642971537186e+01;7.366702748629793795e+00;3.348553818633372234e-03
1.200000000000000000e+01;1.156000000000000050e+01;0.000000000000000000e+00
1.200000000000000000e+01;1.156000000000000050e+01;0.000000000000000000e+00
1.200000000000000000e+01;1.156000000000000050e+01;0.000000000000000000e+00
1.545800590076352243e+01;9.650894110801045755e+00;3.145490507396390446e-03
1.607715523596457885e+01;1.061606193241188123e+01;3.332627284418706801e-03
1.200000000000000000e+01;1.156000000000000050e+01;0.000000000000000000e+00
1.200000000000000000e+01;1.156000000000000050e+01;0.000000000000000000e+00
1.701278756380369117e+01;1.502712593982860056e+01;4.853611301919239472e-03
1.572263528095422203e+01;1.617593590354737998e+01;4.722217394648251486e-03
1.437483891600230379e+01;1.725735659868725591e+01;4.915326622001068083e-03
1.203170820140946518e+01;1.337972319033707080e+01;1.449314613534539303e-03
1.200000000000000000e+01;1.156000000000000050e+01;0.000000000000000000e+00
1.200000000000000000e+01;1.156000000000000050e+01;0.000000000000000000e+00
-6.648558302459203873e+00;3.338547380665713860e+01;2.286054904837515542e-02
-1.313114135713043495e+01;2.804417987862159833e+01;2.393359929108822975e-02
-2.489741693086209295e+00;1.584478014449572214e+01;1.203249659917960887e-02
-2.669890919585309774e+00;1.161535282926735668e+01;1.168211284645697366e-02
1.200000000000000000e+01;1.156000000000000050e+01;0.000000000000000000e+00
1.200000000000000000e+01;1.156000000000000050e+01;0.000000000000000000e+00
6.782602648697197090e+00;5.449357731137696170e+00;6.398485120741771379e-03
1.059610607681501016e+01;8.088098797680473240e+00;2.982243531696071159e-03
1.200000000000000000e+01;1.156000000000000050e+01;0.000000000000000000e+00
1.233308054468745318e+01;1.048282183711279103e+01;8.978583663517543476e-04
1.200000000000000000e+01;1.156000000000000050e+01;0.000000000000000000e+00
1.200000000000000000e+01;1.156000000000000050e+01;0.000000000000000000e+00
1.538336302431091696e+01;9.531239349591068333e+00;3.141508873842723763e-03
1.599867462439542720e+01;1.050699695840318704e+01;3.292810948882043866e-03
1.200000000000000000e+01;1.156000000000000050e+01;0.000000000000000000e+00
1.200000000000000000e+01;1.156000000000000050e+01;0.000000000000000000e+00
1.940350602224012277e+01;1.618611610849675131e+01;6.951932184701389676e-03
1.585973248023052484e+01;1.602564097729098336e+01;4.700318410103087111e-03
1.454674005675277648e+01;1.712768332098102775e+01;4.875510286464404715e-03
1.200000000000000000e+01;1.156000000000000050e+01;0.000000000000000000e+00
1.161324027181462171e+01;1.315631496011197221e+01;1.307966622379385041e-03
1.200000000000000000e+01;1.156000000000000050e+01;0.000000000000000000e+00
1.200000000000000000e+01;1.156000000000000050e+01;0.000000000000000000e+00
-1.262998581428549727e+01;2.907464318273072479e+01;2.406698401513605173e-02
-2.219162384631429674e+00;1.638343271056276507e+01;1.195684556165995012e-02
-3.682599475713322690e+00;1.224368390056554823e+01;1.250033854173540106e-02
1.471278771685270215e+00;8.908347535763590841e+00;8.646117261786406827e-03
7.165423002972376665e+00;8.588052854262421931e+00;4.519154083411269264e-03
6.492564528132144019e+00;5.664860518975268988e+00;6.424365738840602871e-03
9.870517735755768740e+00;7.110860070978191949e+00;3.927881500691821591e-03
1.138629550669193868e+01;7.604830865054299949e+00;3.187297659709886939e-03
1.230007837275353211e+01;1.046020358880284284e+01;9.078124502359201896e-04
1.200000000000000000e+01;1.156000000000000050e+01;0.000000000000000000e+00
1.200000000000000000e+01;1.156000000000000050e+01;0.000000000000000000e+00
1.528277930372085436e+01;9.372221406544069211e+00;3.141508873842723763e-03
1.589445386590118758e+01;1.034360428713269542e+01;3.249012979791714682e-03
1.200000000000000000e+01;1.156000000000000050e+01;0.000000000000000000e+00
1.200000000000000000e+01;1.156000000000000050e+01;0.000000000000000000e+00
1.900633793434457175e+01;1.553419332759333393e+01;6.414411654956436379e-03
1.603946832797177180e+01;1.582250278689978096e+01;4.676428608781088743e-03
1.476268407785129888e+01;1.693114080542324018e+01;4.809813332828910722e-03
1.269305118189479664e+01;1.559592547322518463e+01;3.260957880452712999e-03
1.168423867771755731e+01;1.319223750865410416e+01;1.323893156594050475e-03
1.200000000000000000e+01;1.156000000000000050e+01;0.000000000000000000e+00
1.200000000000000000e+01;1.156000000000000050e+01;0.000000000000000000e+00
-1.262905558364593617e+01;3.096072818130595294e+01;2.496683319826463812e-02
-2.674493987969274400e+00;1.738273341238200942e+01;1.257200794570139529e-02
-5.148334900824476534e+00;1.320959939862086152e+01;1.371871840915729439e-02
7.786222814757532973e-01;9.373071682633758783e+00;9.104005120458032521e-03
6.862145847423333223e+00;8.762691828717551701e+00;4.658511257789590618e-03
6.128736746760722554e+00;5.900295887720771404e+00;6.494044326029762247e-03
9.657604093402813561e+00;7.276079768517390356e+00;3.888065165155158657e-03
1.121624435849089352e+01;7.693639666905754737e+00;3.141508873842723763e-03
1.223207850978243272e+01;1.042855679800372748e+01;9.197573508969191566e-04
1.200000000000000000e+01;1.156000000000000050e+01;0.000000000000000000e+00
1.200000000000000000e+01;1.156000000000000050e+01;0.000000000000000000e+00
1.517178891285691478e+01;9.201610414787399606e+00;3.147481324173223571e-03
1.576663974089569820e+01;1.013410693734208934e+01;3.207205827478218189e-03
1.640862738767732054e+01;1.117971439701491754e+01;3.523745694994690272e-03
1.200000000000000000e+01;1.156000000000000050e+01;0.000000000000000000e+00
1.200000000000000000e+01;1.156000000000000050e+01;0.000000000000000000e+00
1.621558074944405803e+01;1.553993264779190397e+01;4.616704105476094125e-03
1.506048736881814065e+01;1.672366153687209334e+01;4.779951081176413846e-03
1.200000000000000000e+01;1.156000000000000050e+01;0.000000000000000000e+00
1.178429769858080967e+01;1.320592550552467870e+01;1.321902339817217133e-03
1.200000000000000000e+01;1.156000000000000050e+01;0.000000000000000000e+00
4.617346675131450695e-01;2.989095021019282683e+01;1.724843655448248317e-02
-1.200073479250035646e+01;3.310501858960653720e+01;2.568352723792457354e-02
-1.287679900649210651e+01;2.352580180998921122e+01;2.198259884979173601e-02
1.200000000000000000e+01;1.156000000000000050e+01;0.000000000000000000e+00
-1.711290196250967455e-01;1.002537326835101084e+01;9.768937923920308422e-03
6.021992190823374003e+00;8.852639371370194965e+00;5.225894039187040790e-03
5.648903800053772351e+00;6.216449366443349334e+00;6.609511699086086101e-03
7.602116043440689808e+00;4.961251874253360228e+00;6.314870816114778393e-03
1.200000000000000000e+01;1.156000000000000050e+01;0.000000000000000000e+00
1.214137924478197839e+01;1.034570299702901508e+01;9.735094038714143996e-04
1.200000000000000000e+01;1.156000000000000050e+01;0.000000000000000000e+00
1.285498226372647856e+01;1.048633320617844511e+01;1.092958410481404069e-03
1.500263049301825369e+01;8.924810253213847133e+00;3.181325209379387130e-03
1.559626755040586588e+01;9.878408577763289955e+00;3.161417041611055447e-03
1.623162125946554113e+01;1.088576348888445189e+01;3.412259955492033536e-03
0.000000000000000000e+00;0.000000000000000000e+00;0.000000000000000000e+00
5.726256422433862348e+00;7.487264091077167061e-01;4.598786754484596000e-03
5.397547707777539117e+00;2.288091606054438731e+00;4.668465341673756243e-03
0.000000000000000000e+00;0.000000000000000000e+00;0.000000000000000000e+00
8.345013663392808478e-01;1.429206329632949135e+00;1.317920706263550883e-03
0.000000000000000000e+00;0.000000000000000000e+00;0.000000000000000000e+00
0.000000000000000000e+00;0.000000000000000000e+00;0.000000000000000000e+00
-4.263716017723006679e+00;2.919276759780783337e+01;2.349362878340810132e-02
0.000000000000000000e+00;0.000000000000000000e+00;0.000000000000000000e+00
0.000000000000000000e+00;0.000000000000000000e+00;0.000000000000000000e+00
-1.003425044759826434e+01;6.895241036864794282e+00;9.695277703177481929e-03
-5.909993583187082677e+00;1.890496345185177063e+00;4.941207240099898708e-03
-8.385778786094073567e+00;4.434813216720394635e-01;6.687153553382579711e-03
0.000000000000000000e+00;0.000000000000000000e+00;0.000000000000000000e+00
-3.343147786994149051e+00;-1.919473482599265202e+00;3.069839469876730394e-03
0.000000000000000000e+00;0.000000000000000000e+00;0.000000000000000000e+00
0.000000000000000000e+00;0.000000000000000000e+00;0.000000000000000000e+00
0.000000000000000000e+00;0.000000000000000000e+00;0.000000000000000000e+00
0.000000000000000000e+00;0.000000000000000000e+00;0.000000000000000000e+00
1.080699345440337522e+00;-3.525583150628893048e+00;2.936454745828908416e-03
0.000000000000000000e+00;0.000000000000000000e+00;0.000000000000000000e+00
3.205621889439696837e+00;-2.933087337613955015e+00;3.460039558136028971e-03
0.000000000000000000e+00;0.000000000000000000e+00;0.000000000000000000e+00
0.000000000000000000e+00;0.000000000000000000e+00;0.000000000000000000e+00
5.702973712078747148e+00;2.831433627999987990e-01;4.547025518286933882e-03
5.531993514014651225e+00;1.808155491428706130e+00;4.634621456467593117e-03
5.154354121378035281e+00;3.373160169448454315e+00;4.905372538116902457e-03
0.000000000000000000e+00;0.000000000000000000e+00;0.000000000000000000e+00
5.661239548039366243e-01;1.547177493563334894e+00;1.311948255933051291e-03
0.000000000000000000e+00;0.000000000000000000e+00;0.000000000000000000e+00
0.000000000000000000e+00;0.000000000000000000e+00;0.000000000000000000e+00
-8.570484664753971416e+00;2.634077269263050525e+01;2.205824988731139302e-02
0.000000000000000000e+00;0.000000000000000000e+00;0.000000000000000000e+00
-1.069365113189936700e+01;9.262691552445607712e+00;1.126603214009884446e-02
-5.745633207767966155e+00;2.590208505689794549e+00;5.018849094396392319e-03
-8.676790043041862077e+00;1.497093980229730059e+00;7.011656688006383427e-03
-8.064562382886217407e+00;-7.831335717309207967e-01;6.452237173716265754e-03
-3.462133334085427894e+00;-1.466705086869936503e+00;2.994188432357069909e-03
0.000000000000000000e+00;0.000000000000000000e+00;0.000000000000000000e+00
0.000000000000000000e+00;0.000000000000000000e+00;0.000000000000000000e+00
0.000000000000000000e+00;0.000000000000000000e+00;0.000000000000000000e+00
0.000000000000000000e+00;0.000000000000000000e+00;0.000000000000000000e+00
5.726324375880873507e-01;-3.680721164715604399e+00;2.966316997481406158e-03
1.537135538710233895e+00;-3.401288248756555443e+00;2.972289447811905534e-03
2.538692968944781470e+00;-3.129844678332653451e+00;3.209196644255051314e-03
0.000000000000000000e+00;0.000000000000000000e+00;0.000000000000000000e+00
0.000000000000000000e+00;0.000000000000000000e+00;0.000000000000000000e+00
8.982022888968307583e+00;-1.186091383437536617e+00;7.214719999243366516e-03
5.734472575094149427e+00;8.693692846830335386e-01;4.618694922252927250e-03
5.344346452151479632e+00;2.360666347296573431e+00;4.652538807459091243e-03
0.000000000000000000e+00;0.000000000000000000e+00;0.000000000000000000e+00
8.293480046405681261e-01;1.429313263608518403e+00;1.315929889486717758e-03
0.000000000000000000e+00;0.000000000000000000e+00;0.000000000000000000e+00
0.000000000000000000e+00;0.000000000000000000e+00;0.000000000000000000e+00
-3.840582663882940562e+00;2.924387795987190586e+01;2.348765633307760281e-02
0.000000000000000000e+00;0.000000000000000000e+00;0.000000000000000000e+00
0.000000000000000000e+00;0.000000000000000000e+00;0.000000000000000000e+00
0.000000000000000000e+00;0.000000000000000000e+00;0.000000000000000000e+00
-5.878819837156096462e+00;2.172788223090774906e+00;4.990977659520727701e-03
-5.809085409976033176e+00;4.933610706274485502e-01;4.642584723574925618e-03
-7.904047701950094762e+00;-1.328989912769593884e+00;6.382558586527106378e-03
-3.391782950003459529e+00;-1.713417422328448625e+00;3.026041500786400777e-03
0.000000000000000000e+00;0.000000000000000000e+00;0.000000000000000000e+00
0.000000000000000000e+00;0.000000000000000000e+00;0.000000000000000000e+00
0.000000000000000000e+00;0.000000000000000000e+00;0.000000000000000000e+00
0.000000000000000000e+00;0.000000000000000000e+00;0.000000000000000000e+00
0.000000000000000000e+00;0.000000000000000000e+00;0.000000000000000000e+00
1.729686141358110829e+00;-3.344159365725555055e+00;2.998170065910736592e-03
2.752526015726049380e+00;-3.072330506720751142e+00;3.284847681774711366e-03
0.000000000000000000e+00;0.000000000000000000e+00;0.000000000000000000e+00
0.000000000000000000e+00;0.000000000000000000e+00;0.000000000000000000e+00
0.000000000000000000e+00;0.000000000000000000e+00;0.000000000000000000e+00
5.662611724415866910e+00;1.120965466896756801e+00;4.596795937707762875e-03
5.275809736979607756e+00;2.573462602957831358e+00;4.674437792004255618e-03
0.000000000000000000e+00;0.000000000000000000e+00;0.000000000000000000e+00
7.679840616630571049e-01;1.443407006302342088e+00;1.301994172048885666e-03
0.000000000000000000e+00;0.000000000000000000e+00;0.000000000000000000e+00
2.570849679550822664e+00;2.583238093105338606e+01;2.067264141063551719e-02
-4.753713158100355329e+00;2.914992080680805486e+01;2.351950940150693281e-02
0.000000000000000000e+00;0.000000000000000000e+00;0.000000000000000000e+00
0.000000000000000000e+00;0.000000000000000000e+00;0.000000000000000000e+00
-1.007437925244068921e+01;6.999881677274582437e+00;9.768937923920308422e-03
-5.899944298904175710e+00;1.985260108059610173e+00;4.957133774314563708e-03
0.000000000000000000e+00;0.000000000000000000e+00;0.000000000000000000e+00
-7.837988202251093384e+00;-1.512020761768127608e+00;6.356677968428274886e-03
-3.365109860688914711e+00;-1.813155429026629184e+00;3.043958851777898902e-03
0.000000000000000000e+00;0.000000000000000000e+00;0.000000000000000000e+00
0.000000000000000000e+00;0.000000000000000000e+00;0.000000000000000000e+00
0.000000000000000000e+00;0.000000000000000000e+00;0.000000000000000000e+00
0.000000000000000000e+00;0.000000000000000000e+00;0.000000000000000000e+00
0.000000000000000000e+00;0.000000000000000000e+00;0.000000000000000000e+00
1.826510980270093398e+00;-3.300849112589141487e+00;3.004142516241235968e-03
2.873930204730399396e+00;-3.038720180470555476e+00;3.330636467641874109e-03
0.000000000000000000e+00;0.000000000000000000e+00;0.000000000000000000e+00
0.000000000000000000e+00;0.000000000000000000e+00;0.000000000000000000e+00
0.000000000000000000e+00;0.000000000000000000e+00;0.000000000000000000e+00
0.000000000000000000e+00;0.000000000000000000e+00;0.000000000000000000e+00
5.695919786956546105e+00;-4.007207320763774838e-01;4.547025518286933882e-03
5.883714364108568518e+00;1.149742358404931775e+00;4.773978630845913604e-03
0.000000000000000000e+00;0.000000000000000000e+00;0.000000000000000000e+00
1.624824426994840865e+00;1.697775626937657378e+00;1.871367770223168964e-03
0.000000000000000000e+00;0.000000000000000000e+00;0.000000000000000000e+00
0.000000000000000000e+00;0.000000000000000000e+00;0.000000000000000000e+00
3.277690635619328052e+00;2.972482467540253737e+01;2.381415028447824225e-02
0.000000000000000000e+00;0.000000000000000000e+00;0.000000000000000000e+00
0.000000000000000000e+00;0.000000000000000000e+00;0.000000000000000000e+00
-4.457536865188743036e+00;5.286545164173717559e+00;5.506599204720515756e-03
0.000000000000000000e+00;0.000000000000000000e+00;0.000000000000000000e+00
-7.736779030715304373e+00;2.842712331106591162e+00;6.563722913218922490e-03
0.000000000000000000e+00;0.000000000000000000e+00;0.000000000000000000e+00
-3.622396051424856989e+00;-7.779865948830473332e-01;2.950390463266740725e-03
-3.681268746828509908e+00;-1.833277376366045930e+00;3.274893597890545308e-03
-3.506733164158763127e+00;-3.034668866185845193e+00;3.692965121025508935e-03
-2.061474309789605552e+00;-3.135533605407971880e+00;2.988215982026570534e-03
-1.036510468127339823e+00;-3.177726422255111594e+00;2.661722030625932392e-03
-1.516925892364676953e-01;-3.218926688071520825e+00;2.566162825337941090e-03
7.002000150854390537e-01;-3.255551091136661856e+00;2.651767946741767201e-03
1.661417578843966680e+00;-3.297611140286578646e+00;2.940436379382574666e-03
0.000000000000000000e+00;0.000000000000000000e+00;0.000000000000000000e+00
0.000000000000000000e+00;0.000000000000000000e+00;0.000000000000000000e+00
5.700142066285735609e+00;-2.057172121236944928e+00;4.825739867043575722e-03
5.668786400997251285e+00;-4.609734016706830695e-01;4.529108167295434889e-03
5.868014223091373438e+00;1.057257198207987692e+00;4.748098012747082979e-03
3.847329446522020024e+00;1.892273955540325403e+00;3.414250772268866228e-03
1.702282741192753468e+00;1.713025035021995768e+00;1.923129006420831082e-03
1.067981712970236918e+00;1.911939334649607636e+00;1.743955496505846577e-03
0.000000000000000000e+00;0.000000000000000000e+00;0.000000000000000000e+00
3.306222949238888820e+00;2.968644849123695195e+01;2.378627884960257677e-02
0.000000000000000000e+00;0.000000000000000000e+00;0.000000000000000000e+00
0.000000000000000000e+00;0.000000000000000000e+00;0.000000000000000000e+00
-4.472450282969782975e+00;5.257534070574904739e+00;5.496645120836350130e-03
0.000000000000000000e+00;0.000000000000000000e+00;0.000000000000000000e+00
-7.727565484202754575e+00;2.765455698434470033e+00;6.535851478343258740e-03
-3.582357421101843187e+00;1.375941765302550746e-01;2.854831257978748989e-03
-3.625893840822212777e+00;-8.087707358891917941e-01;2.958353730374073225e-03
-3.682243683406524859e+00;-1.903180380547865980e+00;3.300774215989376367e-03
-3.402170820468442880e+00;-3.051249000734180150e+00;3.639213068051013692e-03
-1.978987233422881742e+00;-3.135148650924549862e+00;2.952381280043573850e-03
-9.452599442089102411e-01;-3.190412648319231437e+00;2.649777129964934076e-03
-7.450458002809334790e-02;-3.224138252640805558e+00;2.568153642114774215e-03
7.824436261815995719e-01;-3.259912743407129554e+00;2.669685297733265326e-03
1.781821564134837166e+00;-3.302477741658424115e+00;2.988215982026570534e-03
0.000000000000000000e+00;0.000000000000000000e+00;0.000000000000000000e+00
0.000000000000000000e+00;0.000000000000000000e+00;0.000000000000000000e+00
0.000000000000000000e+00;0.000000000000000000e+00;0.000000000000000000e+00
5.752577908767138481e+00;-2.379761179305028285e-01;4.584851037046764125e-03
5.904944459259918510e+00;1.316855239608447414e+00;4.817776599936243222e-03
0.000000000000000000e+00;0.000000000000000000e+00;0.000000000000000000e+00
1.465513557732075922e+00;1.644163369590947221e+00;1.753909580390012636e-03
1.040362831940520483e+00;1.986566948020746404e+00;1.785762648819343287e-03
9.424673959684536584e+00;2.780619668566929548e+01;2.338015222712861232e-02
1.945304485012541162e+00;2.982912637123040511e+01;2.380419620059407229e-02
0.000000000000000000e+00;0.000000000000000000e+00;0.000000000000000000e+00
-7.148004725090419953e+00;1.420826847414072169e+01;1.266557633421255304e-02
-4.647741635382079295e+00;5.001322263225008058e+00;5.436920617531355512e-03
0.000000000000000000e+00;0.000000000000000000e+00;0.000000000000000000e+00
-7.753413246384664781e+00;2.429025765175664375e+00;6.470154524707764747e-03
-3.594993797866404162e+00;-6.033051433335931586e-03;2.862794525086081922e-03
-3.633025137906510160e+00;-9.688753181782546742e-01;2.994188432357069909e-03
-3.690856560663971386e+00;-2.081819567540843519e+00;3.374434436732203293e-03
-3.154299904398789156e+00;-3.089110673378943517e+00;3.515782427887357772e-03
0.000000000000000000e+00;0.000000000000000000e+00;0.000000000000000000e+00
-8.262657852116440660e-01;-3.197465275179360855e+00;2.629868962196602392e-03
3.194900499336013333e-02;-3.234841205484683790e+00;2.576116909222106715e-03
8.979097182318807047e-01;-3.266329302304411097e+00;2.697556732608929510e-03
1.893414477409024244e+00;-3.320614190334736815e+00;3.043958851777898902e-03
0.000000000000000000e+00;0.000000000000000000e+00;0.000000000000000000e+00
0.000000000000000000e+00;0.000000000000000000e+00;0.000000000000000000e+00
0.000000000000000000e+00;0.000000000000000000e+00;0.000000000000000000e+00
5.778634835909468137e+00;-1.255318594489726880e-01;4.602768388038262250e-03
5.910500636383060780e+00;1.478010466503573372e+00;4.851620485142407214e-03
3.297435167030825287e+00;1.962987068393638124e+00;3.055903752438898086e-03
1.441983290310704158e+00;1.648266103844867825e+00;1.743955496505846577e-03
0.000000000000000000e+00;0.000000000000000000e+00;0.000000000000000000e+00
8.720097002421098864e+00;2.767362642314801136e+01;2.310541951192563587e-02
1.276806679013689605e+00;2.945733250666868486e+01;2.347969306597027031e-02
0.000000000000000000e+00;0.000000000000000000e+00;0.000000000000000000e+00
-7.250122101448035927e+00;1.352705941422587266e+01;1.222162419297876008e-02
0.000000000000000000e+00;0.000000000000000000e+00;0.000000000000000000e+00
-7.647896737575963222e+00;4.566528377964083951e+00;7.093280175856544155e-03
-7.762488308245714563e+00;2.160333387264079974e+00;6.416402471733268637e-03
-3.600933438012623000e+00;-1.061903723443484160e-01;2.868766975416581298e-03
-3.643036548006234998e+00;-1.080867962779751723e+00;3.026041500786400777e-03
-3.690980892670242319e+00;-2.249589840779401051e+00;3.442122207144530845e-03
-2.943043557727749171e+00;-3.104108449220584376e+00;3.406287505161533728e-03
0.000000000000000000e+00;0.000000000000000000e+00;0.000000000000000000e+00
-7.021787178722111999e-01;-3.198837796240992848e+00;2.607969977651437583e-03
1.714553137043356434e-01;-3.235459228377643992e+00;2.580098542775773399e-03
1.046273947019347395e+00;-3.266527723323226606e+00;2.731400617815093503e-03
2.090607264990997916e+00;-3.313028490912958812e+00;3.119609889297558954e-03
0.000000000000000000e+00;0.000000000000000000e+00;0.000000000000000000e+00
0.000000000000000000e+00;0.000000000000000000e+00;0.000000000000000000e+00
0.000000000000000000e+00;0.000000000000000000e+00;0.000000000000000000e+00
0.000000000000000000e+00;0.000000000000000000e+00;0.000000000000000000e+00
0.000000000000000000e+00;0.000000000000000000e+00;0.000000000000000000e+00
3.680052952752190354e+00;-4.502863515416192786e-01;2.952381280043573850e-03
0.000000000000000000e+00;0.000000000000000000e+00;0.000000000000000000e+00
4.763843577172725219e+00;1.910061233955829385e+00;4.087146842838474195e-03
1.660490608105696708e+00;1.443179777842462874e+00;1.751918763613179511e-03
0.000000000000000000e+00;0.000000000000000000e+00;0.000000000000000000e+00
1.053823460600612094e+01;2.235844427079391750e+01;1.968320547254943931e-02
5.408388709722505183e+00;2.965077326989576889e+01;2.400128706150055774e-02
0.000000000000000000e+00;0.000000000000000000e+00;0.000000000000000000e+00
-6.778551008635080422e+00;1.880827076073304127e+01;1.592056176433476883e-02
0.000000000000000000e+00;0.000000000000000000e+00;0.000000000000000000e+00
-4.799890352492938383e+00;3.812863592520916001e+00;4.881482736794904090e-03
-7.659284587610438955e+00;3.442865251207277044e+00;6.687153553382579711e-03
-4.749493765979906357e+00;6.590291244261847758e-01;3.818386577965997546e-03
-3.601558722137497615e+00;-5.100712013839217018e-01;2.896638410292245482e-03
-3.660326602997545642e+00;-1.530704225973905874e+00;3.159426224834222321e-03
-3.954189826879923597e+00;-2.961075368475516445e+00;3.933853951022320966e-03
-2.354562239250786337e+00;-3.090186416760891230e+00;3.093729271198727895e-03
-1.236577580477215221e+00;-3.161786453635203387e+00;2.703529182939428885e-03
-3.711018849765191363e-01;-3.198542920767014852e+00;2.564172008561107965e-03
4.755736040856581859e-01;-3.242811925659832006e+00;2.609960794428270708e-03
1.388400953649472580e+00;-3.297095832078396072e+00;2.848858807648249614e-03
0.000000000000000000e+00;0.000000000000000000e+00;0.000000000000000000e+00
0.000000000000000000e+00;0.000000000000000000e+00;0.000000000000000000e+00
0.000000000000000000e+00;0.000000000000000000e+00;0.000000000000000000e+00
3.731182325065144578e+00;-4.844334113491483018e-01;2.996179249133903467e-03
0.000000000000000000e+00;0.000000000000000000e+00;0.000000000000000000e+00
4.776518817718430121e+00;1.898539235927501068e+00;4.093119293168973570e-03
1.643186523094716689e+00;1.459089180986575363e+00;1.749927946836345952e-03
0.000000000000000000e+00;0.000000000000000000e+00;0.000000000000000000e+00
0.000000000000000000e+00;0.000000000000000000e+00;0.000000000000000000e+00
5.499204232519091740e+00;2.969000167805535639e+01;2.404508503059088823e-02
0.000000000000000000e+00;0.000000000000000000e+00;0.000000000000000000e+00
-6.793990972474543533e+00;1.875484445660322308e+01;1.588472706235177084e-02
0.000000000000000000e+00;0.000000000000000000e+00;0.000000000000000000e+00
-4.796730709594011266e+00;3.780596129629488100e+00;4.863565385803405965e-03
-7.650072618309647687e+00;3.383721259505851897e+00;6.661272935283748219e-03
-4.759342719280562406e+00;6.234117980375036838e-01;3.822368211519663796e-03
-3.599740285675868012e+00;-5.398717196064509727e-01;2.898629227069078607e-03
-3.652451441481165073e+00;-1.587417607319303814e+00;3.171371125495221072e-03
-3.855223326952849749e+00;-2.971496983846743323e+00;3.876120264494159039e-03
-2.271543052060502443e+00;-3.102274615109013478e+00;3.061876202769397894e-03
-1.181174693605047787e+00;-3.161557230223584369e+00;2.687602648724763885e-03
-2.968995942206672511e-01;-3.206281967633775487e+00;2.564172008561107965e-03
5.433529922289391800e-01;-3.247355370366228566e+00;2.621905695089269458e-03
1.490538852067176290e+00;-3.293404111773003518e+00;2.878721059300747356e-03
0.000000000000000000e+00;0.000000000000000000e+00;0.000000000000000000e+00
0.000000000000000000e+00;0.000000000000000000e+00;0.000000000000000000e+00
0.000000000000000000e+00;0.000000000000000000e+00;0.000000000000000000e+00
0.000000000000000000e+00;0.000000000000000000e+00;0.000000000000000000e+00
0.000000000000000000e+00;0.000000000000000000e+00;0.000000000000000000e+00
4.599389760863964227e+00;2.030111831743991235e+00;4.003532538211481209e-03
1.624225072646788393e+00;1.491279594911473882e+00;1.755900397166845761e-03
0.000000000000000000e+00;0.000000000000000000e+00;0.000000000000000000e+00
0.000000000000000000e+00;0.000000000000000000e+00;0.000000000000000000e+00
4.268632354598913103e+00;2.945984168593893671e+01;2.370465536175241431e-02
0.000000000000000000e+00;0.000000000000000000e+00;0.000000000000000000e+00
0.000000000000000000e+00;0.000000000000000000e+00;0.000000000000000000e+00
-4.325759491017119096e+00;5.420516518523375460e+00;5.522525738935180756e-03
-4.890096667658766272e+00;3.566467103562667162e+00;4.819767416713076347e-03
-7.677014658594058183e+00;3.041333415185640376e+00;6.575667813879922108e-03
0.000000000000000000e+00;0.000000000000000000e+00;0.000000000000000000e+00
-3.610120557210260372e+00;-6.740009344578412609e-01;2.924509845167909666e-03
-3.670035994772228083e+00;-1.736210051873982252e+00;3.233086445577048815e-03
-3.572078106528894459e+00;-3.000411505217513763e+00;3.714864105570673744e-03
-2.089053508634897582e+00;-3.114216839033448814e+00;2.986225165249737409e-03
-1.062722946090435716e+00;-3.158507423992745533e+00;2.653758763518600326e-03
-1.781931678524494578e-01;-3.205049244664982755e+00;2.556208741453775465e-03
6.622758868011210387e-01;-3.255823997013348681e+00;2.645795496411267392e-03
1.627477040058979529e+00;-3.306135942910138681e+00;2.934463929052075291e-03
0.000000000000000000e+00;0.000000000000000000e+00;0.000000000000000000e+00
0.000000000000000000e+00;0.000000000000000000e+00;0.000000000000000000e+00
0.000000000000000000e+00;0.000000000000000000e+00;0.000000000000000000e+00
0.000000000000000000e+00;0.000000000000000000e+00;0.000000000000000000e+00
0.000000000000000000e+00;0.000000000000000000e+00;0.000000000000000000e+00
3.881572112709127165e+00;1.930184192508083818e+00;3.452076291028696470e-03
1.519294776053022433e+00;1.566858836294108492e+00;1.737983046175347419e-03
0.000000000000000000e+00;0.000000000000000000e+00;0.000000000000000000e+00
1.067575064874466406e+01;2.758094302991023028e+01;2.355136246993626281e-02
0.000000000000000000e+00;0.000000000000000000e+00;0.000000000000000000e+00
0.000000000000000000e+00;0.000000000000000000e+00;0.000000000000000000e+00
0.000000000000000000e+00;0.000000000000000000e+00;0.000000000000000000e+00
-4.480998628468697120e+00;5.161186556071839959e+00;5.442893067861854887e-03
0.000000000000000000e+00;0.000000000000000000e+00;0.000000000000000000e+00
-7.712545967641656119e+00;2.672638901310151471e+00;6.500016776360261622e-03
-3.568703345727577414e+00;9.616833257342169428e-02;2.842886357317749805e-03
-3.612103505097203016e+00;-8.575288790372148640e-01;2.956362913597240100e-03
-3.684338112104153851e+00;-1.947741746737253088e+00;3.318691566980875359e-03
-3.267650628459223050e+00;-3.031790398507633988e+00;3.549626313093520898e-03
0.000000000000000000e+00;0.000000000000000000e+00;0.000000000000000000e+00
-8.664694348587856920e-01;-3.173850005041436884e+00;2.619914878312436333e-03
-3.487401145605833336e-02;-3.217309977069741755e+00;2.562181191784274840e-03
8.426816903354780175e-01;-3.262940447962786372e+00;2.683621015171097635e-03
1.832270591693342610e+00;-3.326226327827555895e+00;3.024050684009567651e-03
0.000000000000000000e+00;0.000000000000000000e+00;0.000000000000000000e+00
0.000000000000000000e+00;0.000000000000000000e+00;0.000000000000000000e+00
0.000000000000000000e+00;0.000000000000000000e+00;0.000000000000000000e+00
0.000000000000000000e+00;0.000000000000000000e+00;0.000000000000000000e+00
0.000000000000000000e+00;0.000000000000000000e+00;0.000000000000000000e+00
1.994536875149235167e+00;4.295497400622483308e-02;1.588671787912860440e-03
1.978880595729461289e+00;5.723887637130079531e-01;1.640433024110522558e-03
1.665551006859131711e+00;1.004471226366052017e+00;1.548855452376197289e-03
1.531026054738907627e+00;1.576376353369586703e+00;1.749927946836345952e-03
1.178540754661092205e+00;2.119354373502811306e+00;1.931092273528163365e-03
0.000000000000000000e+00;0.000000000000000000e+00;0.000000000000000000e+00
3.264380810153180601e+00;2.923832534633804769e+01;2.342793182977260733e-02
0.000000000000000000e+00;0.000000000000000000e+00;0.000000000000000000e+00
-7.041811306400666659e+00;1.590593369294259674e+01;1.385210313320511637e-02
-4.480885905178801920e+00;5.299550071702900489e+00;5.526507372488847873e-03
0.000000000000000000e+00;0.000000000000000000e+00;0.000000000000000000e+00
-7.701498927565501695e+00;2.815470054784332987e+00;6.529879028012758498e-03
-3.558171712332806713e+00;1.755342344789347642e-01;2.836913906987250864e-03
-3.610037759443161409e+00;-7.640148826641219859e-01;2.938445562605741541e-03
-3.670819866015458732e+00;-1.831823432657324613e+00;3.266930330783212807e-03
-3.482647436725735179e+00;-3.020472372782292414e+00;3.671066136480344126e-03
-2.032437222601280791e+00;-3.124651400609916418e+00;2.968307814258239283e-03
-1.022460969606725945e+00;-3.163888676116546339e+00;2.647786313188100950e-03
-1.519767510797739307e-01;-3.206399309650640905e+00;2.556208741453775465e-03
7.127821424385049065e-01;-3.245141116683058158e+00;2.645795496411267392e-03
1.659395875475816906e+00;-3.295830197991322486e+00;2.938445562605741541e-03
0.000000000000000000e+00;0.000000000000000000e+00;0.000000000000000000e+00
0.000000000000000000e+00;0.000000000000000000e+00;0.000000000000000000e+00
0.000000000000000000e+00;0.000000000000000000e+00;0.000000000000000000e+00
1.987491986857542470e+00;5.417309282766387922e-03;1.582699337582360848e-03
1.998547676331381640e+00;5.096182275727220157e-01;1.642423840887355683e-03
1.681665878644468037e+00;9.672628835884344856e-01;1.544873818822530822e-03
0.000000000000000000e+00;0.000000000000000000e+00;0.000000000000000000e+00
0.000000000000000000e+00;0.000000000000000000e+00;0.000000000000000000e+00
0.000000000000000000e+00;0.000000000000000000e+00;0.000000000000000000e+00
3.956309576677400131e+00;2.938989761571185610e+01;2.361506860679492628e-02
0.000000000000000000e+00;0.000000000000000000e+00;0.000000000000000000e+00
0.000000000000000000e+00;0.000000000000000000e+00;0.000000000000000000e+00
-4.337988303403034429e+00;5.426747010982313491e+00;5.532479822819347248e-03
-4.913147966475087003e+00;3.573034936343025603e+00;4.837684767704575339e-03
-7.706678601960425645e+00;3.074990653116375761e+00;6.607520882309252108e-03
-4.762001194880633115e+00;4.685670716446183603e-01;3.810423310858665046e-03
-3.598199099700414294e+00;-6.697422969171389351e-01;2.914555761283744040e-03
-3.651384096918606215e+00;-1.699452894493011179e+00;3.207205827478218189e-03
-3.712155596161807125e+00;-3.019289868588103776e+00;3.810423310858665046e-03
-2.194613049315063069e+00;-3.111385643192987160e+00;3.032013951116900152e-03
-1.157885543754823221e+00;-3.154186726942336705e+00;2.675657748063764701e-03
-2.531794500715350282e-01;-3.210030154232727195e+00;2.564172008561107965e-03
5.729910681948577889e-01;-3.239718255005355374e+00;2.619914878312436333e-03
1.479632267383238275e+00;-3.295578299440243164e+00;2.876730242523913798e-03
0.000000000000000000e+00;0.000000000000000000e+00;0.000000000000000000e+00
0.000000000000000000e+00;0.000000000000000000e+00;0.000000000000000000e+00
0.000000000000000000e+00;0.000000000000000000e+00;0.000000000000000000e+00
0.000000000000000000e+00;0.000000000000000000e+00;0.000000000000000000e+00
2.016298570915280752e+00;4.341009391477105295e-01;1.642423840887355683e-03
1.811693088149643804e+00;9.213152471865263538e-01;1.618534039565357966e-03
1.572016858508701542e+00;1.407430344040699666e+00;1.680249359647185492e-03
1.317997162435220915e+00;1.957672073644500355e+00;1.879331037330501464e-03
0.000000000000000000e+00;0.000000000000000000e+00;0.000000000000000000e+00
5.725544013934828591e+00;2.973375126550101299e+01;2.411277280100321621e-02
0.000000000000000000e+00;0.000000000000000000e+00;0.000000000000000000e+00
0.000000000000000000e+00;0.000000000000000000e+00;0.000000000000000000e+00
0.000000000000000000e+00;0.000000000000000000e+00;0.000000000000000000e+00
-4.738905485096151615e+00;3.912004071788723891e+00;4.893427637455902840e-03
-7.683976272391608298e+00;3.657398354173845068e+00;6.776740308340071205e-03
0.000000000000000000e+00;0.000000000000000000e+00;0.000000000000000000e+00
-3.594027341627538785e+00;-4.114187880162689104e-01;2.880711876077580481e-03
-3.641252982321975917e+00;-1.417682364419695418e+00;3.111646622190226887e-03
0.000000000000000000e+00;0.000000000000000000e+00;0.000000000000000000e+00
-2.518162422642628684e+00;-3.094987547257405325e+00;3.177343575825720880e-03
0.000000000000000000e+00;0.000000000000000000e+00;0.000000000000000000e+00
-4.856833671898302951e-01;-3.193274972650378185e+00;2.572135275668440465e-03
3.585267908449648044e-01;-3.232678159339992252e+00;2.590052626659939024e-03
1.243190667300672958e+00;-3.274442767169146506e+00;2.789134304343254996e-03
2.340744798850269426e+00;-3.323421175241811465e+00;3.237068079130715932e-03
0.000000000000000000e+00;0.000000000000000000e+00;0.000000000000000000e+00
0.000000000000000000e+00;0.000000000000000000e+00;0.000000000000000000e+00
2.015837662269482244e+00;-2.171454871657190755e-01;1.614552406011691282e-03
0.000000000000000000e+00;0.000000000000000000e+00;0.000000000000000000e+00
1.881138374296872584e+00;8.272488977173474423e-01;1.636451390556856308e-03
1.633253944547302439e+00;1.304062415166624245e+00;1.664322825432520275e-03
0.000000000000000000e+00;0.000000000000000000e+00;0.000000000000000000e+00
0.000000000000000000e+00;0.000000000000000000e+00;0.000000000000000000e+00
0.000000000000000000e+00;0.000000000000000000e+00;0.000000000000000000e+00
-3.769939515169180577e-01;2.817996944898489531e+01;2.244247752524019396e-02
0.000000000000000000e+00;0.000000000000000000e+00;0.000000000000000000e+00
0.000000000000000000e+00;0.000000000000000000e+00;0.000000000000000000e+00
-4.558614399582213039e+00;4.242731008796691405e+00;4.959124591091397700e-03
-7.681165103240012115e+00;4.221952029465671608e+00;6.979803619577053427e-03
-7.743134611042529869e+00;1.909044542124323174e+00;6.350705518097774643e-03
-3.578249641545264037e+00;-2.198780405581119701e-01;2.854831257978748989e-03
-3.632398785669934238e+00;-1.174298118197460328e+00;3.039977218224232652e-03
-3.692544783636027006e+00;-2.308923124272173943e+00;3.468002825243362338e-03
-2.873252652143812647e+00;-3.083931408242018612e+00;3.356517085740704735e-03
0.000000000000000000e+00;0.000000000000000000e+00;0.000000000000000000e+00
-6.624625403263360024e-01;-3.191980050582737594e+00;2.596025076990438399e-03
1.761980793252651001e-01;-3.225189548067246559e+00;2.572135275668440465e-03
1.030513952219167306e+00;-3.266291253925055926e+00;2.727418984261426819e-03
2.054226177246148755e+00;-3.315138785557040890e+00;3.105674171859727078e-03
0.000000000000000000e+00;0.000000000000000000e+00;0.000000000000000000e+00
0.000000000000000000e+00;0.000000000000000000e+00;0.000000000000000000e+00
2.192479454434883124e+00;-3.640562587857057442e-01;1.769836114604677853e-03
